<?xml version="1.0" encoding="UTF-8"?>
<metadata xml:lang="en"><Esri><CreaDate>20180528</CreaDate><CreaTime>16575300</CreaTime><ArcGISFormat>1.0</ArcGISFormat><SyncOnce>TRUE</SyncOnce><DataProperties><itemProps><itemLocation><linkage Sync="TRUE">file://\\SPATIAL1\G$\RFRK_PM_1km_2000_2015\PM_RFRK_2014_1km.img</linkage><protocol Sync="TRUE">Local Area Network</protocol></itemLocation></itemProps><copyHistory><copy source="F:\GBD_US_ARD\BurdenMap_RFRK\2014\PM_RFRK_2014_1km.img" dest="\\SPATIAL1\G$\RFRK_PM_1km_2000_2015\PM_RFRK_2014_1km.img" date="20180528" time="16575300"></copy></copyHistory></DataProperties></Esri></metadata>
