<?xml version="1.0" encoding="UTF-8"?>
<metadata xml:lang="en"><Esri><CreaDate>20180528</CreaDate><CreaTime>16560400</CreaTime><ArcGISFormat>1.0</ArcGISFormat><SyncOnce>TRUE</SyncOnce><DataProperties><itemProps><itemLocation><linkage Sync="TRUE">file://\\SPATIAL1\G$\RFRK_PM_1km_2000_2015\RFRK_US_2015_1km.img</linkage><protocol Sync="TRUE">Local Area Network</protocol></itemLocation></itemProps><copyHistory><copy source="E:\IHD_MortalityDensity\BurdenMap\RFRK_CountyMortalityRate\2015\RFRK_US_2015_1km.img" dest="\\SPATIAL1\G$\RFRK_PM_1km_2000_2015\RFRK_US_2015_1km.img" date="20180528" time="16560400"></copy></copyHistory></DataProperties></Esri></metadata>
