<?xml version="1.0" encoding="UTF-8"?>
<metadata xml:lang="en"><Esri><CreaDate>20180528</CreaDate><CreaTime>16553600</CreaTime><ArcGISFormat>1.0</ArcGISFormat><SyncOnce>TRUE</SyncOnce><DataProperties><itemProps><itemLocation><linkage Sync="TRUE">file://\\SPATIAL1\G$\RFRK_PM_1km_2000_2015\PM_RFRK_2013.img</linkage><protocol Sync="TRUE">Local Area Network</protocol></itemLocation></itemProps><copyHistory><copy source="E:\Data\PM25_RFRK_Yearly_1km\2013\PM_RFRK_2013.img" dest="\\SPATIAL1\G$\RFRK_PM_1km_2000_2015\PM_RFRK_2013.img" date="20180528" time="16553600"></copy></copyHistory></DataProperties></Esri></metadata>
